Timestamp,Hashmap,Compiler,SystemHostname,PageSize,HugePageSize,DataPointer,IsAlignedToHPSize,LoadFactor,SQR,Size,ThreadCount,ThreadTableSize,Distribution,Workload,KeySize,ValueSize,EntrySize,EntriesProcessed,Runtime,ThreadAvgRuntime,ThreadMaxRuntime,Zipf,ZipfFactor,Successful
1681818072845,FingerprintingSIMDSoAHashTable<MultShift64BBitHasher; uint64_t; DummyTuple128; uint8_t; NoPref; THP; NoUnroll; __m256i; TESTZ; NoAVX512; __m256i; NoSVE; SSE2NEON; NoSVEBroadcast; LikelyHints; LSBMSB>,gcc,node-27,4096,2097152,0x7f950be00000,true,90,100,134217728,1,134217728,Uniform,512,8,128,0,67108864,8214,8214,8214,false,0,true
1681818072845,FingerprintingSIMDSoAHashTable<MultShift64BBitHasher; uint64_t; DummyTuple128; uint8_t; NoPref; THP; NoUnroll; __m256i; TESTZ; NoAVX512; __m256i; NoSVE; SSE2NEON; NoSVEBroadcast; LikelyHints; LSBMSB>,gcc,node-27,4096,2097152,0x7f950be00000,true,90,100,134217728,1,134217728,Uniform,512,8,128,0,67108864,8224,8224,8224,false,0,true
1681818072845,FingerprintingSIMDSoAHashTable<MultShift64BBitHasher; uint64_t; DummyTuple128; uint8_t; NoPref; THP; NoUnroll; __m256i; TESTZ; NoAVX512; __m256i; NoSVE; SSE2NEON; NoSVEBroadcast; LikelyHints; LSBMSB>,gcc,node-27,4096,2097152,0x7f950be00000,true,90,100,134217728,1,134217728,Uniform,512,8,128,0,67108864,8206,8206,8206,false,0,true
1681818072845,BucketingSIMDHashTable<MultShift64BBitHasher; uint64_t; DummyTuple128; uint16_t; NoPref; THP; NoUnroll; __m256i; TESTZ; NoAVX512; __m256i; NoSVE; SSE2NEON; NoSVEBroadcast; LikelyHints; KeyValueAoSStoringBucket; 16FPPB; LSBMSB; NoFallback>,gcc,node-27,4096,2097152,0x7f83f3e00000,true,90,100,134217728,1,134217728,Uniform,512,8,128,0,67108864,8817,8817,8817,false,0,true
1681818072845,BucketingSIMDHashTable<MultShift64BBitHasher; uint64_t; DummyTuple128; uint16_t; NoPref; THP; NoUnroll; __m256i; TESTZ; NoAVX512; __m256i; NoSVE; SSE2NEON; NoSVEBroadcast; LikelyHints; KeyValueAoSStoringBucket; 16FPPB; LSBMSB; NoFallback>,gcc,node-27,4096,2097152,0x7f83f3e00000,true,90,100,134217728,1,134217728,Uniform,512,8,128,0,67108864,8822,8822,8822,false,0,true
1681818072845,BucketingSIMDHashTable<MultShift64BBitHasher; uint64_t; DummyTuple128; uint16_t; NoPref; THP; NoUnroll; __m256i; TESTZ; NoAVX512; __m256i; NoSVE; SSE2NEON; NoSVEBroadcast; LikelyHints; KeyValueAoSStoringBucket; 16FPPB; LSBMSB; NoFallback>,gcc,node-27,4096,2097152,0x7f83f3e00000,true,90,100,134217728,1,134217728,Uniform,512,8,128,0,67108864,8820,8820,8820,false,0,true
1681818072845,BucketingSIMDHashTable<MultShift64BBitHasher; uint64_t; DummyTuple128; uint8_t; NoPref; THP; NoUnroll; __m256i; TESTZ; NoAVX512; __m256i; NoSVE; SSE2NEON; NoSVEBroadcast; LikelyHints; KeyValueAoSStoringBucket; 32FPPB; LSBMSB; NoFallback>,gcc,node-27,4096,2097152,0x7f8403e00000,true,90,100,134217728,1,134217728,Uniform,512,8,128,0,67108864,8923,8923,8923,false,0,true
1681818072845,BucketingSIMDHashTable<MultShift64BBitHasher; uint64_t; DummyTuple128; uint8_t; NoPref; THP; NoUnroll; __m256i; TESTZ; NoAVX512; __m256i; NoSVE; SSE2NEON; NoSVEBroadcast; LikelyHints; KeyValueAoSStoringBucket; 32FPPB; LSBMSB; NoFallback>,gcc,node-27,4096,2097152,0x7f8403e00000,true,90,100,134217728,1,134217728,Uniform,512,8,128,0,67108864,8947,8947,8947,false,0,true
1681818072845,BucketingSIMDHashTable<MultShift64BBitHasher; uint64_t; DummyTuple128; uint8_t; NoPref; THP; NoUnroll; __m256i; TESTZ; NoAVX512; __m256i; NoSVE; SSE2NEON; NoSVEBroadcast; LikelyHints; KeyValueAoSStoringBucket; 32FPPB; LSBMSB; NoFallback>,gcc,node-27,4096,2097152,0x7f8403e00000,true,90,100,134217728,1,134217728,Uniform,512,8,128,0,67108864,8923,8923,8923,false,0,true
1681818072845,UnalignedLinearProbingAoSHashTable<MultShift64BBitHasher; uint64_t; DummyTuple128; NoPref; THP; NoUnroll; NoAddPrf>,gcc,node-27,4096,2097152,0x7f840be00000,true,90,100,134217728,1,134217728,Uniform,512,8,128,137,67108864,8003,8003,8003,false,0,true
1681818072845,UnalignedLinearProbingAoSHashTable<MultShift64BBitHasher; uint64_t; DummyTuple128; NoPref; THP; NoUnroll; NoAddPrf>,gcc,node-27,4096,2097152,0x7f840be00000,true,90,100,134217728,1,134217728,Uniform,512,8,128,137,67108864,8002,8002,8002,false,0,true
1681818072845,UnalignedLinearProbingAoSHashTable<MultShift64BBitHasher; uint64_t; DummyTuple128; NoPref; THP; NoUnroll; NoAddPrf>,gcc,node-27,4096,2097152,0x7f840be00000,true,90,100,134217728,1,134217728,Uniform,512,8,128,137,67108864,8003,8003,8003,false,0,true
1681818072845,StoringRobinHoodAoSHashTable<MultShift64BBitHasher; uint64_t; DummyTuple128; NoPref; THP; NoUnroll; NoAddPrf>,gcc,node-27,4096,2097152,0x7f83d3e00000,true,90,100,134217728,1,134217728,Uniform,512,8,128,144,67108864,12060,12060,12060,false,0,true
1681818072845,StoringRobinHoodAoSHashTable<MultShift64BBitHasher; uint64_t; DummyTuple128; NoPref; THP; NoUnroll; NoAddPrf>,gcc,node-27,4096,2097152,0x7f83d3e00000,true,90,100,134217728,1,134217728,Uniform,512,8,128,144,67108864,12040,12040,12040,false,0,true
1681818072845,StoringRobinHoodAoSHashTable<MultShift64BBitHasher; uint64_t; DummyTuple128; NoPref; THP; NoUnroll; NoAddPrf>,gcc,node-27,4096,2097152,0x7f83d3e00000,true,90,100,134217728,1,134217728,Uniform,512,8,128,144,67108864,12059,12059,12059,false,0,true
1681818072845,UnalignedRecalculatingRobinHoodAoSHashTable<MultShift64BBitHasher; uint64_t; DummyTuple128; NoPref; THP; NoUnroll; NoAddPrf>,gcc,node-27,4096,2097152,0x7f840be00000,true,90,100,134217728,1,134217728,Uniform,512,8,128,137,67108864,17469,17469,17469,false,0,true
1681818072845,UnalignedRecalculatingRobinHoodAoSHashTable<MultShift64BBitHasher; uint64_t; DummyTuple128; NoPref; THP; NoUnroll; NoAddPrf>,gcc,node-27,4096,2097152,0x7f840be00000,true,90,100,134217728,1,134217728,Uniform,512,8,128,137,67108864,17504,17504,17504,false,0,true
1681818072845,UnalignedRecalculatingRobinHoodAoSHashTable<MultShift64BBitHasher; uint64_t; DummyTuple128; NoPref; THP; NoUnroll; NoAddPrf>,gcc,node-27,4096,2097152,0x7f840be00000,true,90,100,134217728,1,134217728,Uniform,512,8,128,137,67108864,17444,17444,17444,false,0,true
1681818072845,ChainedHashTable<MultShift64BBitHasher; uint64_t; DummyTuple128; THP; BudgetKV; AdditionalBudget10; DirectoryPot28; DirectorySize268435456; BufferSize124524225; AdditionalElements3728269>,gcc,node-27,4096,2097152,0x7f8427000000,true,90,100,134217728,1,134217728,Uniform,512,8,128,0,67108864,5929,5929,5929,false,0,true
1681818072845,ChainedHashTable<MultShift64BBitHasher; uint64_t; DummyTuple128; THP; BudgetKV; AdditionalBudget10; DirectoryPot28; DirectorySize268435456; BufferSize124524225; AdditionalElements3728269>,gcc,node-27,4096,2097152,0x7f8427000000,true,90,100,134217728,1,134217728,Uniform,512,8,128,0,67108864,5904,5904,5904,false,0,true
1681818072845,ChainedHashTable<MultShift64BBitHasher; uint64_t; DummyTuple128; THP; BudgetKV; AdditionalBudget10; DirectoryPot28; DirectorySize268435456; BufferSize124524225; AdditionalElements3728269>,gcc,node-27,4096,2097152,0x7f8427000000,true,90,100,134217728,1,134217728,Uniform,512,8,128,0,67108864,5910,5910,5910,false,0,true
1681818072845,ChainedHashTable<MultShift64BBitHasher; uint64_t; DummyTuple128; THP; BudgetBucket8FP; AdditionalBudget10; DirectoryPot28; DirectorySize268435456; BufferSize125549499; AdditionalElements4753543>,gcc,node-27,4096,2097152,0x7f841e400000,true,90,100,134217728,1,134217728,Uniform,512,8,128,0,67108864,5923,5923,5923,false,0,true
1681818072845,ChainedHashTable<MultShift64BBitHasher; uint64_t; DummyTuple128; THP; BudgetBucket8FP; AdditionalBudget10; DirectoryPot28; DirectorySize268435456; BufferSize125549499; AdditionalElements4753543>,gcc,node-27,4096,2097152,0x7f841e400000,true,90,100,134217728,1,134217728,Uniform,512,8,128,0,67108864,5938,5938,5938,false,0,true
1681818072845,ChainedHashTable<MultShift64BBitHasher; uint64_t; DummyTuple128; THP; BudgetBucket8FP; AdditionalBudget10; DirectoryPot28; DirectorySize268435456; BufferSize125549499; AdditionalElements4753543>,gcc,node-27,4096,2097152,0x7f841e400000,true,90,100,134217728,1,134217728,Uniform,512,8,128,0,67108864,5946,5946,5946,false,0,true
1681818072845,ChainedHashTable<MultShift64BBitHasher; uint64_t; DummyTuple128; THP; BudgetBucket16FP; AdditionalBudget10; DirectoryPot28; DirectorySize268435456; BufferSize126574774; AdditionalElements5778818>,gcc,node-27,4096,2097152,0x7f8415800000,true,90,100,134217728,1,134217728,Uniform,512,8,128,0,67108864,5907,5907,5907,false,0,true
1681818072845,ChainedHashTable<MultShift64BBitHasher; uint64_t; DummyTuple128; THP; BudgetBucket16FP; AdditionalBudget10; DirectoryPot28; DirectorySize268435456; BufferSize126574774; AdditionalElements5778818>,gcc,node-27,4096,2097152,0x7f8415800000,true,90,100,134217728,1,134217728,Uniform,512,8,128,0,67108864,5916,5916,5916,false,0,true
1681818072845,ChainedHashTable<MultShift64BBitHasher; uint64_t; DummyTuple128; THP; BudgetBucket16FP; AdditionalBudget10; DirectoryPot28; DirectorySize268435456; BufferSize126574774; AdditionalElements5778818>,gcc,node-27,4096,2097152,0x7f8415800000,true,90,100,134217728,1,134217728,Uniform,512,8,128,0,67108864,5923,5923,5923,false,0,true
1681818072845,LinearProbingPackedSoAHashTable<MultShift64BBitHasher; uint64_t; DummyTuple128; THP; NoUnroll>,gcc,node-27,4096,2097152,0x7f948de00000,true,90,100,134217728,1,134217728,Uniform,512,8,128,8,67108864,7878,7878,7878,false,0,true
1681818072845,LinearProbingPackedSoAHashTable<MultShift64BBitHasher; uint64_t; DummyTuple128; THP; NoUnroll>,gcc,node-27,4096,2097152,0x7f948de00000,true,90,100,134217728,1,134217728,Uniform,512,8,128,8,67108864,7888,7888,7888,false,0,true
1681818072845,LinearProbingPackedSoAHashTable<MultShift64BBitHasher; uint64_t; DummyTuple128; THP; NoUnroll>,gcc,node-27,4096,2097152,0x7f948de00000,true,90,100,134217728,1,134217728,Uniform,512,8,128,8,67108864,7889,7889,7889,false,0,true
1681818072845,FingerprintingSIMDSoAHashTable<MultShift64BBitHasher; uint64_t; DummyTuple128; uint8_t; NoPref; THP; NoUnroll; __m256i; TESTZ; NoAVX512; __m256i; NoSVE; SSE2NEON; NoSVEBroadcast; LikelyHints; LSBMSB>,gcc,node-27,4096,2097152,0x7f950be00000,true,90,50,134217728,1,134217728,Uniform,512,8,128,0,67108864,7773,7773,7773,false,0,true
1681818072845,FingerprintingSIMDSoAHashTable<MultShift64BBitHasher; uint64_t; DummyTuple128; uint8_t; NoPref; THP; NoUnroll; __m256i; TESTZ; NoAVX512; __m256i; NoSVE; SSE2NEON; NoSVEBroadcast; LikelyHints; LSBMSB>,gcc,node-27,4096,2097152,0x7f950be00000,true,90,50,134217728,1,134217728,Uniform,512,8,128,0,67108864,7772,7772,7772,false,0,true
1681818072845,FingerprintingSIMDSoAHashTable<MultShift64BBitHasher; uint64_t; DummyTuple128; uint8_t; NoPref; THP; NoUnroll; __m256i; TESTZ; NoAVX512; __m256i; NoSVE; SSE2NEON; NoSVEBroadcast; LikelyHints; LSBMSB>,gcc,node-27,4096,2097152,0x7f950be00000,true,90,50,134217728,1,134217728,Uniform,512,8,128,0,67108864,7796,7796,7796,false,0,true
1681818072845,BucketingSIMDHashTable<MultShift64BBitHasher; uint64_t; DummyTuple128; uint16_t; NoPref; THP; NoUnroll; __m256i; TESTZ; NoAVX512; __m256i; NoSVE; SSE2NEON; NoSVEBroadcast; LikelyHints; KeyValueAoSStoringBucket; 16FPPB; LSBMSB; NoFallback>,gcc,node-27,4096,2097152,0x7f83f3e00000,true,90,50,134217728,1,134217728,Uniform,512,8,128,0,67108864,8336,8336,8336,false,0,true
1681818072845,BucketingSIMDHashTable<MultShift64BBitHasher; uint64_t; DummyTuple128; uint16_t; NoPref; THP; NoUnroll; __m256i; TESTZ; NoAVX512; __m256i; NoSVE; SSE2NEON; NoSVEBroadcast; LikelyHints; KeyValueAoSStoringBucket; 16FPPB; LSBMSB; NoFallback>,gcc,node-27,4096,2097152,0x7f83f3e00000,true,90,50,134217728,1,134217728,Uniform,512,8,128,0,67108864,8341,8341,8341,false,0,true
1681818072845,BucketingSIMDHashTable<MultShift64BBitHasher; uint64_t; DummyTuple128; uint16_t; NoPref; THP; NoUnroll; __m256i; TESTZ; NoAVX512; __m256i; NoSVE; SSE2NEON; NoSVEBroadcast; LikelyHints; KeyValueAoSStoringBucket; 16FPPB; LSBMSB; NoFallback>,gcc,node-27,4096,2097152,0x7f83f3e00000,true,90,50,134217728,1,134217728,Uniform,512,8,128,0,67108864,8310,8310,8310,false,0,true
1681818072845,BucketingSIMDHashTable<MultShift64BBitHasher; uint64_t; DummyTuple128; uint8_t; NoPref; THP; NoUnroll; __m256i; TESTZ; NoAVX512; __m256i; NoSVE; SSE2NEON; NoSVEBroadcast; LikelyHints; KeyValueAoSStoringBucket; 32FPPB; LSBMSB; NoFallback>,gcc,node-27,4096,2097152,0x7f8403e00000,true,90,50,134217728,1,134217728,Uniform,512,8,128,0,67108864,7316,7316,7316,false,0,true
1681818072845,BucketingSIMDHashTable<MultShift64BBitHasher; uint64_t; DummyTuple128; uint8_t; NoPref; THP; NoUnroll; __m256i; TESTZ; NoAVX512; __m256i; NoSVE; SSE2NEON; NoSVEBroadcast; LikelyHints; KeyValueAoSStoringBucket; 32FPPB; LSBMSB; NoFallback>,gcc,node-27,4096,2097152,0x7f8403e00000,true,90,50,134217728,1,134217728,Uniform,512,8,128,0,67108864,7306,7306,7306,false,0,true
1681818072845,BucketingSIMDHashTable<MultShift64BBitHasher; uint64_t; DummyTuple128; uint8_t; NoPref; THP; NoUnroll; __m256i; TESTZ; NoAVX512; __m256i; NoSVE; SSE2NEON; NoSVEBroadcast; LikelyHints; KeyValueAoSStoringBucket; 32FPPB; LSBMSB; NoFallback>,gcc,node-27,4096,2097152,0x7f8403e00000,true,90,50,134217728,1,134217728,Uniform,512,8,128,0,67108864,7306,7306,7306,false,0,true
1681818072845,UnalignedLinearProbingAoSHashTable<MultShift64BBitHasher; uint64_t; DummyTuple128; NoPref; THP; NoUnroll; NoAddPrf>,gcc,node-27,4096,2097152,0x7f840be00000,true,90,50,134217728,1,134217728,Uniform,512,8,128,137,67108864,26648,26648,26648,false,0,true
1681818072845,UnalignedLinearProbingAoSHashTable<MultShift64BBitHasher; uint64_t; DummyTuple128; NoPref; THP; NoUnroll; NoAddPrf>,gcc,node-27,4096,2097152,0x7f840be00000,true,90,50,134217728,1,134217728,Uniform,512,8,128,137,67108864,27640,27640,27640,false,0,true
1681818072845,UnalignedLinearProbingAoSHashTable<MultShift64BBitHasher; uint64_t; DummyTuple128; NoPref; THP; NoUnroll; NoAddPrf>,gcc,node-27,4096,2097152,0x7f840be00000,true,90,50,134217728,1,134217728,Uniform,512,8,128,137,67108864,27916,27916,27916,false,0,true
1681818072845,StoringRobinHoodAoSHashTable<MultShift64BBitHasher; uint64_t; DummyTuple128; NoPref; THP; NoUnroll; NoAddPrf>,gcc,node-27,4096,2097152,0x7f83d3e00000,true,90,50,134217728,1,134217728,Uniform,512,8,128,144,67108864,12281,12281,12281,false,0,true
1681818072845,StoringRobinHoodAoSHashTable<MultShift64BBitHasher; uint64_t; DummyTuple128; NoPref; THP; NoUnroll; NoAddPrf>,gcc,node-27,4096,2097152,0x7f83d3e00000,true,90,50,134217728,1,134217728,Uniform,512,8,128,144,67108864,12173,12173,12173,false,0,true
1681818072845,StoringRobinHoodAoSHashTable<MultShift64BBitHasher; uint64_t; DummyTuple128; NoPref; THP; NoUnroll; NoAddPrf>,gcc,node-27,4096,2097152,0x7f83d3e00000,true,90,50,134217728,1,134217728,Uniform,512,8,128,144,67108864,12070,12070,12070,false,0,true
1681818072845,UnalignedRecalculatingRobinHoodAoSHashTable<MultShift64BBitHasher; uint64_t; DummyTuple128; NoPref; THP; NoUnroll; NoAddPrf>,gcc,node-27,4096,2097152,0x7f840be00000,true,90,50,134217728,1,134217728,Uniform,512,8,128,137,67108864,17261,17261,17261,false,0,true
1681818072845,UnalignedRecalculatingRobinHoodAoSHashTable<MultShift64BBitHasher; uint64_t; DummyTuple128; NoPref; THP; NoUnroll; NoAddPrf>,gcc,node-27,4096,2097152,0x7f840be00000,true,90,50,134217728,1,134217728,Uniform,512,8,128,137,67108864,17194,17194,17194,false,0,true
1681818072845,UnalignedRecalculatingRobinHoodAoSHashTable<MultShift64BBitHasher; uint64_t; DummyTuple128; NoPref; THP; NoUnroll; NoAddPrf>,gcc,node-27,4096,2097152,0x7f840be00000,true,90,50,134217728,1,134217728,Uniform,512,8,128,137,67108864,17254,17254,17254,false,0,true
1681818072845,ChainedHashTable<MultShift64BBitHasher; uint64_t; DummyTuple128; THP; BudgetKV; AdditionalBudget10; DirectoryPot28; DirectorySize268435456; BufferSize124524225; AdditionalElements3728269>,gcc,node-27,4096,2097152,0x7f8427000000,true,90,50,134217728,1,134217728,Uniform,512,8,128,0,67108864,4703,4703,4703,false,0,true
1681818072845,ChainedHashTable<MultShift64BBitHasher; uint64_t; DummyTuple128; THP; BudgetKV; AdditionalBudget10; DirectoryPot28; DirectorySize268435456; BufferSize124524225; AdditionalElements3728269>,gcc,node-27,4096,2097152,0x7f8427000000,true,90,50,134217728,1,134217728,Uniform,512,8,128,0,67108864,4742,4742,4742,false,0,true
1681818072845,ChainedHashTable<MultShift64BBitHasher; uint64_t; DummyTuple128; THP; BudgetKV; AdditionalBudget10; DirectoryPot28; DirectorySize268435456; BufferSize124524225; AdditionalElements3728269>,gcc,node-27,4096,2097152,0x7f8427000000,true,90,50,134217728,1,134217728,Uniform,512,8,128,0,67108864,4704,4704,4704,false,0,true
1681818072845,ChainedHashTable<MultShift64BBitHasher; uint64_t; DummyTuple128; THP; BudgetBucket8FP; AdditionalBudget10; DirectoryPot28; DirectorySize268435456; BufferSize125549499; AdditionalElements4753543>,gcc,node-27,4096,2097152,0x7f841e400000,true,90,50,134217728,1,134217728,Uniform,512,8,128,0,67108864,4730,4730,4730,false,0,true
1681818072845,ChainedHashTable<MultShift64BBitHasher; uint64_t; DummyTuple128; THP; BudgetBucket8FP; AdditionalBudget10; DirectoryPot28; DirectorySize268435456; BufferSize125549499; AdditionalElements4753543>,gcc,node-27,4096,2097152,0x7f841e400000,true,90,50,134217728,1,134217728,Uniform,512,8,128,0,67108864,4711,4711,4711,false,0,true
1681818072845,ChainedHashTable<MultShift64BBitHasher; uint64_t; DummyTuple128; THP; BudgetBucket8FP; AdditionalBudget10; DirectoryPot28; DirectorySize268435456; BufferSize125549499; AdditionalElements4753543>,gcc,node-27,4096,2097152,0x7f841e400000,true,90,50,134217728,1,134217728,Uniform,512,8,128,0,67108864,4714,4714,4714,false,0,true
1681818072845,ChainedHashTable<MultShift64BBitHasher; uint64_t; DummyTuple128; THP; BudgetBucket16FP; AdditionalBudget10; DirectoryPot28; DirectorySize268435456; BufferSize126574774; AdditionalElements5778818>,gcc,node-27,4096,2097152,0x7f8415800000,true,90,50,134217728,1,134217728,Uniform,512,8,128,0,67108864,4737,4737,4737,false,0,true
1681818072845,ChainedHashTable<MultShift64BBitHasher; uint64_t; DummyTuple128; THP; BudgetBucket16FP; AdditionalBudget10; DirectoryPot28; DirectorySize268435456; BufferSize126574774; AdditionalElements5778818>,gcc,node-27,4096,2097152,0x7f8415800000,true,90,50,134217728,1,134217728,Uniform,512,8,128,0,67108864,4708,4708,4708,false,0,true
1681818072845,ChainedHashTable<MultShift64BBitHasher; uint64_t; DummyTuple128; THP; BudgetBucket16FP; AdditionalBudget10; DirectoryPot28; DirectorySize268435456; BufferSize126574774; AdditionalElements5778818>,gcc,node-27,4096,2097152,0x7f8415800000,true,90,50,134217728,1,134217728,Uniform,512,8,128,0,67108864,4727,4727,4727,false,0,true
1681818072845,LinearProbingPackedSoAHashTable<MultShift64BBitHasher; uint64_t; DummyTuple128; THP; NoUnroll>,gcc,node-27,4096,2097152,0x7f948de00000,true,90,50,134217728,1,134217728,Uniform,512,8,128,8,67108864,16534,16534,16534,false,0,true
1681818072845,LinearProbingPackedSoAHashTable<MultShift64BBitHasher; uint64_t; DummyTuple128; THP; NoUnroll>,gcc,node-27,4096,2097152,0x7f948de00000,true,90,50,134217728,1,134217728,Uniform,512,8,128,8,67108864,16530,16530,16530,false,0,true
1681818072845,LinearProbingPackedSoAHashTable<MultShift64BBitHasher; uint64_t; DummyTuple128; THP; NoUnroll>,gcc,node-27,4096,2097152,0x7f948de00000,true,90,50,134217728,1,134217728,Uniform,512,8,128,8,67108864,16545,16545,16545,false,0,true
1681818072845,FingerprintingSIMDSoAHashTable<MultShift64BBitHasher; uint64_t; DummyTuple128; uint8_t; NoPref; THP; NoUnroll; __m256i; TESTZ; NoAVX512; __m256i; NoSVE; SSE2NEON; NoSVEBroadcast; LikelyHints; LSBMSB>,gcc,node-27,4096,2097152,0x7f950be00000,true,90,0,134217728,1,134217728,Uniform,512,8,128,0,67108864,6430,6430,6430,false,0,true
1681818072845,FingerprintingSIMDSoAHashTable<MultShift64BBitHasher; uint64_t; DummyTuple128; uint8_t; NoPref; THP; NoUnroll; __m256i; TESTZ; NoAVX512; __m256i; NoSVE; SSE2NEON; NoSVEBroadcast; LikelyHints; LSBMSB>,gcc,node-27,4096,2097152,0x7f950be00000,true,90,0,134217728,1,134217728,Uniform,512,8,128,0,67108864,6467,6467,6467,false,0,true
1681818072845,FingerprintingSIMDSoAHashTable<MultShift64BBitHasher; uint64_t; DummyTuple128; uint8_t; NoPref; THP; NoUnroll; __m256i; TESTZ; NoAVX512; __m256i; NoSVE; SSE2NEON; NoSVEBroadcast; LikelyHints; LSBMSB>,gcc,node-27,4096,2097152,0x7f950be00000,true,90,0,134217728,1,134217728,Uniform,512,8,128,0,67108864,6467,6467,6467,false,0,true
1681818072845,BucketingSIMDHashTable<MultShift64BBitHasher; uint64_t; DummyTuple128; uint16_t; NoPref; THP; NoUnroll; __m256i; TESTZ; NoAVX512; __m256i; NoSVE; SSE2NEON; NoSVEBroadcast; LikelyHints; KeyValueAoSStoringBucket; 16FPPB; LSBMSB; NoFallback>,gcc,node-27,4096,2097152,0x7f83f3e00000,true,90,0,134217728,1,134217728,Uniform,512,8,128,0,67108864,6918,6918,6918,false,0,true
1681818072845,BucketingSIMDHashTable<MultShift64BBitHasher; uint64_t; DummyTuple128; uint16_t; NoPref; THP; NoUnroll; __m256i; TESTZ; NoAVX512; __m256i; NoSVE; SSE2NEON; NoSVEBroadcast; LikelyHints; KeyValueAoSStoringBucket; 16FPPB; LSBMSB; NoFallback>,gcc,node-27,4096,2097152,0x7f83f3e00000,true,90,0,134217728,1,134217728,Uniform,512,8,128,0,67108864,6895,6895,6895,false,0,true
1681818072845,BucketingSIMDHashTable<MultShift64BBitHasher; uint64_t; DummyTuple128; uint16_t; NoPref; THP; NoUnroll; __m256i; TESTZ; NoAVX512; __m256i; NoSVE; SSE2NEON; NoSVEBroadcast; LikelyHints; KeyValueAoSStoringBucket; 16FPPB; LSBMSB; NoFallback>,gcc,node-27,4096,2097152,0x7f83f3e00000,true,90,0,134217728,1,134217728,Uniform,512,8,128,0,67108864,6914,6914,6914,false,0,true
1681818072845,BucketingSIMDHashTable<MultShift64BBitHasher; uint64_t; DummyTuple128; uint8_t; NoPref; THP; NoUnroll; __m256i; TESTZ; NoAVX512; __m256i; NoSVE; SSE2NEON; NoSVEBroadcast; LikelyHints; KeyValueAoSStoringBucket; 32FPPB; LSBMSB; NoFallback>,gcc,node-27,4096,2097152,0x7f8403e00000,true,90,0,134217728,1,134217728,Uniform,512,8,128,0,67108864,5510,5510,5510,false,0,true
1681818072845,BucketingSIMDHashTable<MultShift64BBitHasher; uint64_t; DummyTuple128; uint8_t; NoPref; THP; NoUnroll; __m256i; TESTZ; NoAVX512; __m256i; NoSVE; SSE2NEON; NoSVEBroadcast; LikelyHints; KeyValueAoSStoringBucket; 32FPPB; LSBMSB; NoFallback>,gcc,node-27,4096,2097152,0x7f8403e00000,true,90,0,134217728,1,134217728,Uniform,512,8,128,0,67108864,5530,5530,5530,false,0,true
1681818072845,BucketingSIMDHashTable<MultShift64BBitHasher; uint64_t; DummyTuple128; uint8_t; NoPref; THP; NoUnroll; __m256i; TESTZ; NoAVX512; __m256i; NoSVE; SSE2NEON; NoSVEBroadcast; LikelyHints; KeyValueAoSStoringBucket; 32FPPB; LSBMSB; NoFallback>,gcc,node-27,4096,2097152,0x7f8403e00000,true,90,0,134217728,1,134217728,Uniform,512,8,128,0,67108864,5525,5525,5525,false,0,true
1681818072845,UnalignedLinearProbingAoSHashTable<MultShift64BBitHasher; uint64_t; DummyTuple128; NoPref; THP; NoUnroll; NoAddPrf>,gcc,node-27,4096,2097152,0x7f840be00000,true,90,0,134217728,1,134217728,Uniform,512,8,128,137,67108864,50074,50074,50074,false,0,true
1681818072845,UnalignedLinearProbingAoSHashTable<MultShift64BBitHasher; uint64_t; DummyTuple128; NoPref; THP; NoUnroll; NoAddPrf>,gcc,node-27,4096,2097152,0x7f840be00000,true,90,0,134217728,1,134217728,Uniform,512,8,128,137,67108864,51837,51837,51837,false,0,true
1681818072845,UnalignedLinearProbingAoSHashTable<MultShift64BBitHasher; uint64_t; DummyTuple128; NoPref; THP; NoUnroll; NoAddPrf>,gcc,node-27,4096,2097152,0x7f840be00000,true,90,0,134217728,1,134217728,Uniform,512,8,128,137,67108864,51498,51498,51498,false,0,true
1681818072845,StoringRobinHoodAoSHashTable<MultShift64BBitHasher; uint64_t; DummyTuple128; NoPref; THP; NoUnroll; NoAddPrf>,gcc,node-27,4096,2097152,0x7f83d3e00000,true,90,0,134217728,1,134217728,Uniform,512,8,128,144,67108864,13143,13143,13143,false,0,true
1681818072845,StoringRobinHoodAoSHashTable<MultShift64BBitHasher; uint64_t; DummyTuple128; NoPref; THP; NoUnroll; NoAddPrf>,gcc,node-27,4096,2097152,0x7f83d3e00000,true,90,0,134217728,1,134217728,Uniform,512,8,128,144,67108864,13252,13252,13252,false,0,true
1681818072845,StoringRobinHoodAoSHashTable<MultShift64BBitHasher; uint64_t; DummyTuple128; NoPref; THP; NoUnroll; NoAddPrf>,gcc,node-27,4096,2097152,0x7f83d3e00000,true,90,0,134217728,1,134217728,Uniform,512,8,128,144,67108864,12718,12718,12718,false,0,true
1681818072845,UnalignedRecalculatingRobinHoodAoSHashTable<MultShift64BBitHasher; uint64_t; DummyTuple128; NoPref; THP; NoUnroll; NoAddPrf>,gcc,node-27,4096,2097152,0x7f840be00000,true,90,0,134217728,1,134217728,Uniform,512,8,128,137,67108864,16743,16743,16743,false,0,true
1681818072845,UnalignedRecalculatingRobinHoodAoSHashTable<MultShift64BBitHasher; uint64_t; DummyTuple128; NoPref; THP; NoUnroll; NoAddPrf>,gcc,node-27,4096,2097152,0x7f840be00000,true,90,0,134217728,1,134217728,Uniform,512,8,128,137,67108864,16734,16734,16734,false,0,true
1681818072845,UnalignedRecalculatingRobinHoodAoSHashTable<MultShift64BBitHasher; uint64_t; DummyTuple128; NoPref; THP; NoUnroll; NoAddPrf>,gcc,node-27,4096,2097152,0x7f840be00000,true,90,0,134217728,1,134217728,Uniform,512,8,128,137,67108864,16810,16810,16810,false,0,true
1681818072845,ChainedHashTable<MultShift64BBitHasher; uint64_t; DummyTuple128; THP; BudgetKV; AdditionalBudget10; DirectoryPot28; DirectorySize268435456; BufferSize124524225; AdditionalElements3728269>,gcc,node-27,4096,2097152,0x7f8427000000,true,90,0,134217728,1,134217728,Uniform,512,8,128,0,67108864,2329,2329,2329,false,0,true
1681818072845,ChainedHashTable<MultShift64BBitHasher; uint64_t; DummyTuple128; THP; BudgetKV; AdditionalBudget10; DirectoryPot28; DirectorySize268435456; BufferSize124524225; AdditionalElements3728269>,gcc,node-27,4096,2097152,0x7f8427000000,true,90,0,134217728,1,134217728,Uniform,512,8,128,0,67108864,2307,2307,2307,false,0,true
1681818072845,ChainedHashTable<MultShift64BBitHasher; uint64_t; DummyTuple128; THP; BudgetKV; AdditionalBudget10; DirectoryPot28; DirectorySize268435456; BufferSize124524225; AdditionalElements3728269>,gcc,node-27,4096,2097152,0x7f8427000000,true,90,0,134217728,1,134217728,Uniform,512,8,128,0,67108864,2333,2333,2333,false,0,true
1681818072845,ChainedHashTable<MultShift64BBitHasher; uint64_t; DummyTuple128; THP; BudgetBucket8FP; AdditionalBudget10; DirectoryPot28; DirectorySize268435456; BufferSize125549499; AdditionalElements4753543>,gcc,node-27,4096,2097152,0x7f841e400000,true,90,0,134217728,1,134217728,Uniform,512,8,128,0,67108864,2304,2304,2304,false,0,true
1681818072845,ChainedHashTable<MultShift64BBitHasher; uint64_t; DummyTuple128; THP; BudgetBucket8FP; AdditionalBudget10; DirectoryPot28; DirectorySize268435456; BufferSize125549499; AdditionalElements4753543>,gcc,node-27,4096,2097152,0x7f841e400000,true,90,0,134217728,1,134217728,Uniform,512,8,128,0,67108864,2281,2281,2281,false,0,true
1681818072845,ChainedHashTable<MultShift64BBitHasher; uint64_t; DummyTuple128; THP; BudgetBucket8FP; AdditionalBudget10; DirectoryPot28; DirectorySize268435456; BufferSize125549499; AdditionalElements4753543>,gcc,node-27,4096,2097152,0x7f841e400000,true,90,0,134217728,1,134217728,Uniform,512,8,128,0,67108864,2300,2300,2300,false,0,true
1681818072845,ChainedHashTable<MultShift64BBitHasher; uint64_t; DummyTuple128; THP; BudgetBucket16FP; AdditionalBudget10; DirectoryPot28; DirectorySize268435456; BufferSize126574774; AdditionalElements5778818>,gcc,node-27,4096,2097152,0x7f8415800000,true,90,0,134217728,1,134217728,Uniform,512,8,128,0,67108864,2330,2330,2330,false,0,true
1681818072845,ChainedHashTable<MultShift64BBitHasher; uint64_t; DummyTuple128; THP; BudgetBucket16FP; AdditionalBudget10; DirectoryPot28; DirectorySize268435456; BufferSize126574774; AdditionalElements5778818>,gcc,node-27,4096,2097152,0x7f8415800000,true,90,0,134217728,1,134217728,Uniform,512,8,128,0,67108864,2311,2311,2311,false,0,true
1681818072845,ChainedHashTable<MultShift64BBitHasher; uint64_t; DummyTuple128; THP; BudgetBucket16FP; AdditionalBudget10; DirectoryPot28; DirectorySize268435456; BufferSize126574774; AdditionalElements5778818>,gcc,node-27,4096,2097152,0x7f8415800000,true,90,0,134217728,1,134217728,Uniform,512,8,128,0,67108864,2316,2316,2316,false,0,true
1681818072845,LinearProbingPackedSoAHashTable<MultShift64BBitHasher; uint64_t; DummyTuple128; THP; NoUnroll>,gcc,node-27,4096,2097152,0x7f948de00000,true,90,0,134217728,1,134217728,Uniform,512,8,128,8,67108864,21485,21485,21485,false,0,true
1681818072845,LinearProbingPackedSoAHashTable<MultShift64BBitHasher; uint64_t; DummyTuple128; THP; NoUnroll>,gcc,node-27,4096,2097152,0x7f948de00000,true,90,0,134217728,1,134217728,Uniform,512,8,128,8,67108864,21415,21415,21415,false,0,true
1681818072845,LinearProbingPackedSoAHashTable<MultShift64BBitHasher; uint64_t; DummyTuple128; THP; NoUnroll>,gcc,node-27,4096,2097152,0x7f948de00000,true,90,0,134217728,1,134217728,Uniform,512,8,128,8,67108864,21533,21533,21533,false,0,true
1681818072845,FingerprintingSIMDSoAHashTable<MultShift64BBitHasher; uint64_t; DummyTuple128; uint8_t; NoPref; THP; NoUnroll; __m256i; TESTZ; NoAVX512; __m256i; NoSVE; SSE2NEON; NoSVEBroadcast; LikelyHints; LSBMSB>,gcc,node-27,4096,2097152,0x7f950be00000,true,50,100,134217728,1,134217728,Uniform,512,8,128,0,67108864,7938,7938,7938,false,0,true
1681818072845,FingerprintingSIMDSoAHashTable<MultShift64BBitHasher; uint64_t; DummyTuple128; uint8_t; NoPref; THP; NoUnroll; __m256i; TESTZ; NoAVX512; __m256i; NoSVE; SSE2NEON; NoSVEBroadcast; LikelyHints; LSBMSB>,gcc,node-27,4096,2097152,0x7f950be00000,true,50,100,134217728,1,134217728,Uniform,512,8,128,0,67108864,7926,7926,7926,false,0,true
1681818072845,FingerprintingSIMDSoAHashTable<MultShift64BBitHasher; uint64_t; DummyTuple128; uint8_t; NoPref; THP; NoUnroll; __m256i; TESTZ; NoAVX512; __m256i; NoSVE; SSE2NEON; NoSVEBroadcast; LikelyHints; LSBMSB>,gcc,node-27,4096,2097152,0x7f950be00000,true,50,100,134217728,1,134217728,Uniform,512,8,128,0,67108864,7926,7926,7926,false,0,true
1681818072845,BucketingSIMDHashTable<MultShift64BBitHasher; uint64_t; DummyTuple128; uint16_t; NoPref; THP; NoUnroll; __m256i; TESTZ; NoAVX512; __m256i; NoSVE; SSE2NEON; NoSVEBroadcast; LikelyHints; KeyValueAoSStoringBucket; 16FPPB; LSBMSB; NoFallback>,gcc,node-27,4096,2097152,0x7f8833e00000,true,50,100,134217728,1,134217728,Uniform,512,8,128,0,67108864,7983,7983,7983,false,0,true
1681818072845,BucketingSIMDHashTable<MultShift64BBitHasher; uint64_t; DummyTuple128; uint16_t; NoPref; THP; NoUnroll; __m256i; TESTZ; NoAVX512; __m256i; NoSVE; SSE2NEON; NoSVEBroadcast; LikelyHints; KeyValueAoSStoringBucket; 16FPPB; LSBMSB; NoFallback>,gcc,node-27,4096,2097152,0x7f8833e00000,true,50,100,134217728,1,134217728,Uniform,512,8,128,0,67108864,7970,7970,7970,false,0,true
1681818072845,BucketingSIMDHashTable<MultShift64BBitHasher; uint64_t; DummyTuple128; uint16_t; NoPref; THP; NoUnroll; __m256i; TESTZ; NoAVX512; __m256i; NoSVE; SSE2NEON; NoSVEBroadcast; LikelyHints; KeyValueAoSStoringBucket; 16FPPB; LSBMSB; NoFallback>,gcc,node-27,4096,2097152,0x7f8833e00000,true,50,100,134217728,1,134217728,Uniform,512,8,128,0,67108864,7985,7985,7985,false,0,true
1681818072845,BucketingSIMDHashTable<MultShift64BBitHasher; uint64_t; DummyTuple128; uint8_t; NoPref; THP; NoUnroll; __m256i; TESTZ; NoAVX512; __m256i; NoSVE; SSE2NEON; NoSVEBroadcast; LikelyHints; KeyValueAoSStoringBucket; 32FPPB; LSBMSB; NoFallback>,gcc,node-27,4096,2097152,0x7f8843e00000,true,50,100,134217728,1,134217728,Uniform,512,8,128,0,67108864,8269,8269,8269,false,0,true
1681818072845,BucketingSIMDHashTable<MultShift64BBitHasher; uint64_t; DummyTuple128; uint8_t; NoPref; THP; NoUnroll; __m256i; TESTZ; NoAVX512; __m256i; NoSVE; SSE2NEON; NoSVEBroadcast; LikelyHints; KeyValueAoSStoringBucket; 32FPPB; LSBMSB; NoFallback>,gcc,node-27,4096,2097152,0x7f8843e00000,true,50,100,134217728,1,134217728,Uniform,512,8,128,0,67108864,8199,8199,8199,false,0,true
1681818072845,BucketingSIMDHashTable<MultShift64BBitHasher; uint64_t; DummyTuple128; uint8_t; NoPref; THP; NoUnroll; __m256i; TESTZ; NoAVX512; __m256i; NoSVE; SSE2NEON; NoSVEBroadcast; LikelyHints; KeyValueAoSStoringBucket; 32FPPB; LSBMSB; NoFallback>,gcc,node-27,4096,2097152,0x7f8843e00000,true,50,100,134217728,1,134217728,Uniform,512,8,128,0,67108864,8237,8237,8237,false,0,true
1681818072845,UnalignedLinearProbingAoSHashTable<MultShift64BBitHasher; uint64_t; DummyTuple128; NoPref; THP; NoUnroll; NoAddPrf>,gcc,node-27,4096,2097152,0x7f884be00000,true,50,100,134217728,1,134217728,Uniform,512,8,128,137,67108864,3490,3490,3490,false,0,true
1681818072845,UnalignedLinearProbingAoSHashTable<MultShift64BBitHasher; uint64_t; DummyTuple128; NoPref; THP; NoUnroll; NoAddPrf>,gcc,node-27,4096,2097152,0x7f884be00000,true,50,100,134217728,1,134217728,Uniform,512,8,128,137,67108864,3481,3481,3481,false,0,true
1681818072845,UnalignedLinearProbingAoSHashTable<MultShift64BBitHasher; uint64_t; DummyTuple128; NoPref; THP; NoUnroll; NoAddPrf>,gcc,node-27,4096,2097152,0x7f884be00000,true,50,100,134217728,1,134217728,Uniform,512,8,128,137,67108864,3479,3479,3479,false,0,true
1681818072845,StoringRobinHoodAoSHashTable<MultShift64BBitHasher; uint64_t; DummyTuple128; NoPref; THP; NoUnroll; NoAddPrf>,gcc,node-27,4096,2097152,0x7f8813e00000,true,50,100,134217728,1,134217728,Uniform,512,8,128,144,67108864,3414,3414,3414,false,0,true
1681818072845,StoringRobinHoodAoSHashTable<MultShift64BBitHasher; uint64_t; DummyTuple128; NoPref; THP; NoUnroll; NoAddPrf>,gcc,node-27,4096,2097152,0x7f8813e00000,true,50,100,134217728,1,134217728,Uniform,512,8,128,144,67108864,3444,3444,3444,false,0,true
1681818072845,StoringRobinHoodAoSHashTable<MultShift64BBitHasher; uint64_t; DummyTuple128; NoPref; THP; NoUnroll; NoAddPrf>,gcc,node-27,4096,2097152,0x7f8813e00000,true,50,100,134217728,1,134217728,Uniform,512,8,128,144,67108864,3404,3404,3404,false,0,true
1681818072845,UnalignedRecalculatingRobinHoodAoSHashTable<MultShift64BBitHasher; uint64_t; DummyTuple128; NoPref; THP; NoUnroll; NoAddPrf>,gcc,node-27,4096,2097152,0x7f884be00000,true,50,100,134217728,1,134217728,Uniform,512,8,128,137,67108864,3459,3459,3459,false,0,true
1681818072845,UnalignedRecalculatingRobinHoodAoSHashTable<MultShift64BBitHasher; uint64_t; DummyTuple128; NoPref; THP; NoUnroll; NoAddPrf>,gcc,node-27,4096,2097152,0x7f884be00000,true,50,100,134217728,1,134217728,Uniform,512,8,128,137,67108864,4478,4478,4478,false,0,true
1681818072845,UnalignedRecalculatingRobinHoodAoSHashTable<MultShift64BBitHasher; uint64_t; DummyTuple128; NoPref; THP; NoUnroll; NoAddPrf>,gcc,node-27,4096,2097152,0x7f884be00000,true,50,100,134217728,1,134217728,Uniform,512,8,128,137,67108864,3462,3462,3462,false,0,true
1681818072845,ChainedHashTable<MultShift64BBitHasher; uint64_t; DummyTuple128; THP; BudgetKV; AdditionalBudget10; DirectoryPot30; DirectorySize1073741824; BufferSize79784982; AdditionalElements12676118>,gcc,node-27,4096,2097152,0x7f87e6e00000,true,50,100,134217728,1,134217728,Uniform,512,8,128,0,67108864,5399,5399,5399,false,0,true
1681818072845,ChainedHashTable<MultShift64BBitHasher; uint64_t; DummyTuple128; THP; BudgetKV; AdditionalBudget10; DirectoryPot30; DirectorySize1073741824; BufferSize79784982; AdditionalElements12676118>,gcc,node-27,4096,2097152,0x7f87e6e00000,true,50,100,134217728,1,134217728,Uniform,512,8,128,0,67108864,5393,5393,5393,false,0,true
1681818072845,ChainedHashTable<MultShift64BBitHasher; uint64_t; DummyTuple128; THP; BudgetKV; AdditionalBudget10; DirectoryPot30; DirectorySize1073741824; BufferSize79784982; AdditionalElements12676118>,gcc,node-27,4096,2097152,0x7f87e6e00000,true,50,100,134217728,1,134217728,Uniform,512,8,128,0,67108864,5395,5395,5395,false,0,true
1681818072845,ChainedHashTable<MultShift64BBitHasher; uint64_t; DummyTuple128; THP; BudgetBucket8FP; AdditionalBudget10; DirectoryPot30; DirectorySize1073741824; BufferSize80810257; AdditionalElements13701393>,gcc,node-27,4096,2097152,0x7f87de200000,true,50,100,134217728,1,134217728,Uniform,512,8,128,0,67108864,5418,5418,5418,false,0,true
1681818072845,ChainedHashTable<MultShift64BBitHasher; uint64_t; DummyTuple128; THP; BudgetBucket8FP; AdditionalBudget10; DirectoryPot30; DirectorySize1073741824; BufferSize80810257; AdditionalElements13701393>,gcc,node-27,4096,2097152,0x7f87de200000,true,50,100,134217728,1,134217728,Uniform,512,8,128,0,67108864,5462,5462,5462,false,0,true
1681818072845,ChainedHashTable<MultShift64BBitHasher; uint64_t; DummyTuple128; THP; BudgetBucket8FP; AdditionalBudget10; DirectoryPot30; DirectorySize1073741824; BufferSize80810257; AdditionalElements13701393>,gcc,node-27,4096,2097152,0x7f87de200000,true,50,100,134217728,1,134217728,Uniform,512,8,128,0,67108864,5454,5454,5454,false,0,true
1681818072845,ChainedHashTable<MultShift64BBitHasher; uint64_t; DummyTuple128; THP; BudgetBucket16FP; AdditionalBudget10; DirectoryPot30; DirectorySize1073741824; BufferSize81835531; AdditionalElements14726667>,gcc,node-27,4096,2097152,0x7f87d5600000,true,50,100,134217728,1,134217728,Uniform,512,8,128,0,67108864,5395,5395,5395,false,0,true
1681818072845,ChainedHashTable<MultShift64BBitHasher; uint64_t; DummyTuple128; THP; BudgetBucket16FP; AdditionalBudget10; DirectoryPot30; DirectorySize1073741824; BufferSize81835531; AdditionalElements14726667>,gcc,node-27,4096,2097152,0x7f87d5600000,true,50,100,134217728,1,134217728,Uniform,512,8,128,0,67108864,5414,5414,5414,false,0,true
1681818072845,ChainedHashTable<MultShift64BBitHasher; uint64_t; DummyTuple128; THP; BudgetBucket16FP; AdditionalBudget10; DirectoryPot30; DirectorySize1073741824; BufferSize81835531; AdditionalElements14726667>,gcc,node-27,4096,2097152,0x7f87d5600000,true,50,100,134217728,1,134217728,Uniform,512,8,128,0,67108864,5416,5416,5416,false,0,true
1681818072845,LinearProbingPackedSoAHashTable<MultShift64BBitHasher; uint64_t; DummyTuple128; THP; NoUnroll>,gcc,node-27,4096,2097152,0x7f948de00000,true,50,100,134217728,1,134217728,Uniform,512,8,128,8,67108864,3236,3236,3236,false,0,true
1681818072845,LinearProbingPackedSoAHashTable<MultShift64BBitHasher; uint64_t; DummyTuple128; THP; NoUnroll>,gcc,node-27,4096,2097152,0x7f948de00000,true,50,100,134217728,1,134217728,Uniform,512,8,128,8,67108864,3253,3253,3253,false,0,true
1681818072846,LinearProbingPackedSoAHashTable<MultShift64BBitHasher; uint64_t; DummyTuple128; THP; NoUnroll>,gcc,node-27,4096,2097152,0x7f948de00000,true,50,100,134217728,1,134217728,Uniform,512,8,128,8,67108864,3249,3249,3249,false,0,true
1681818072846,FingerprintingSIMDSoAHashTable<MultShift64BBitHasher; uint64_t; DummyTuple128; uint8_t; NoPref; THP; NoUnroll; __m256i; TESTZ; NoAVX512; __m256i; NoSVE; SSE2NEON; NoSVEBroadcast; LikelyHints; LSBMSB>,gcc,node-27,4096,2097152,0x7f950be00000,true,50,50,134217728,1,134217728,Uniform,512,8,128,0,67108864,6020,6020,6020,false,0,true
1681818072846,FingerprintingSIMDSoAHashTable<MultShift64BBitHasher; uint64_t; DummyTuple128; uint8_t; NoPref; THP; NoUnroll; __m256i; TESTZ; NoAVX512; __m256i; NoSVE; SSE2NEON; NoSVEBroadcast; LikelyHints; LSBMSB>,gcc,node-27,4096,2097152,0x7f950be00000,true,50,50,134217728,1,134217728,Uniform,512,8,128,0,67108864,6018,6018,6018,false,0,true
1681818072846,FingerprintingSIMDSoAHashTable<MultShift64BBitHasher; uint64_t; DummyTuple128; uint8_t; NoPref; THP; NoUnroll; __m256i; TESTZ; NoAVX512; __m256i; NoSVE; SSE2NEON; NoSVEBroadcast; LikelyHints; LSBMSB>,gcc,node-27,4096,2097152,0x7f950be00000,true,50,50,134217728,1,134217728,Uniform,512,8,128,0,67108864,6041,6041,6041,false,0,true
1681818072846,BucketingSIMDHashTable<MultShift64BBitHasher; uint64_t; DummyTuple128; uint16_t; NoPref; THP; NoUnroll; __m256i; TESTZ; NoAVX512; __m256i; NoSVE; SSE2NEON; NoSVEBroadcast; LikelyHints; KeyValueAoSStoringBucket; 16FPPB; LSBMSB; NoFallback>,gcc,node-27,4096,2097152,0x7f8833e00000,true,50,50,134217728,1,134217728,Uniform,512,8,128,0,67108864,4850,4850,4850,false,0,true
1681818072846,BucketingSIMDHashTable<MultShift64BBitHasher; uint64_t; DummyTuple128; uint16_t; NoPref; THP; NoUnroll; __m256i; TESTZ; NoAVX512; __m256i; NoSVE; SSE2NEON; NoSVEBroadcast; LikelyHints; KeyValueAoSStoringBucket; 16FPPB; LSBMSB; NoFallback>,gcc,node-27,4096,2097152,0x7f8833e00000,true,50,50,134217728,1,134217728,Uniform,512,8,128,0,67108864,4851,4851,4851,false,0,true
1681818072846,BucketingSIMDHashTable<MultShift64BBitHasher; uint64_t; DummyTuple128; uint16_t; NoPref; THP; NoUnroll; __m256i; TESTZ; NoAVX512; __m256i; NoSVE; SSE2NEON; NoSVEBroadcast; LikelyHints; KeyValueAoSStoringBucket; 16FPPB; LSBMSB; NoFallback>,gcc,node-27,4096,2097152,0x7f8833e00000,true,50,50,134217728,1,134217728,Uniform,512,8,128,0,67108864,4836,4836,4836,false,0,true
1681818072846,BucketingSIMDHashTable<MultShift64BBitHasher; uint64_t; DummyTuple128; uint8_t; NoPref; THP; NoUnroll; __m256i; TESTZ; NoAVX512; __m256i; NoSVE; SSE2NEON; NoSVEBroadcast; LikelyHints; KeyValueAoSStoringBucket; 32FPPB; LSBMSB; NoFallback>,gcc,node-27,4096,2097152,0x7f8843e00000,true,50,50,134217728,1,134217728,Uniform,512,8,128,0,67108864,5338,5338,5338,false,0,true
1681818072846,BucketingSIMDHashTable<MultShift64BBitHasher; uint64_t; DummyTuple128; uint8_t; NoPref; THP; NoUnroll; __m256i; TESTZ; NoAVX512; __m256i; NoSVE; SSE2NEON; NoSVEBroadcast; LikelyHints; KeyValueAoSStoringBucket; 32FPPB; LSBMSB; NoFallback>,gcc,node-27,4096,2097152,0x7f8843e00000,true,50,50,134217728,1,134217728,Uniform,512,8,128,0,67108864,5327,5327,5327,false,0,true
1681818072846,BucketingSIMDHashTable<MultShift64BBitHasher; uint64_t; DummyTuple128; uint8_t; NoPref; THP; NoUnroll; __m256i; TESTZ; NoAVX512; __m256i; NoSVE; SSE2NEON; NoSVEBroadcast; LikelyHints; KeyValueAoSStoringBucket; 32FPPB; LSBMSB; NoFallback>,gcc,node-27,4096,2097152,0x7f8843e00000,true,50,50,134217728,1,134217728,Uniform,512,8,128,0,67108864,5336,5336,5336,false,0,true
1681818072846,UnalignedLinearProbingAoSHashTable<MultShift64BBitHasher; uint64_t; DummyTuple128; NoPref; THP; NoUnroll; NoAddPrf>,gcc,node-27,4096,2097152,0x7f884be00000,true,50,50,134217728,1,134217728,Uniform,512,8,128,137,67108864,5510,5510,5510,false,0,true
1681818072846,UnalignedLinearProbingAoSHashTable<MultShift64BBitHasher; uint64_t; DummyTuple128; NoPref; THP; NoUnroll; NoAddPrf>,gcc,node-27,4096,2097152,0x7f884be00000,true,50,50,134217728,1,134217728,Uniform,512,8,128,137,67108864,5479,5479,5479,false,0,true
1681818072846,UnalignedLinearProbingAoSHashTable<MultShift64BBitHasher; uint64_t; DummyTuple128; NoPref; THP; NoUnroll; NoAddPrf>,gcc,node-27,4096,2097152,0x7f884be00000,true,50,50,134217728,1,134217728,Uniform,512,8,128,137,67108864,5479,5479,5479,false,0,true
1681818072846,StoringRobinHoodAoSHashTable<MultShift64BBitHasher; uint64_t; DummyTuple128; NoPref; THP; NoUnroll; NoAddPrf>,gcc,node-27,4096,2097152,0x7f8813e00000,true,50,50,134217728,1,134217728,Uniform,512,8,128,144,67108864,4256,4256,4256,false,0,true
1681818072846,StoringRobinHoodAoSHashTable<MultShift64BBitHasher; uint64_t; DummyTuple128; NoPref; THP; NoUnroll; NoAddPrf>,gcc,node-27,4096,2097152,0x7f8813e00000,true,50,50,134217728,1,134217728,Uniform,512,8,128,144,67108864,4252,4252,4252,false,0,true
1681818072846,StoringRobinHoodAoSHashTable<MultShift64BBitHasher; uint64_t; DummyTuple128; NoPref; THP; NoUnroll; NoAddPrf>,gcc,node-27,4096,2097152,0x7f8813e00000,true,50,50,134217728,1,134217728,Uniform,512,8,128,144,67108864,4249,4249,4249,false,0,true
1681818072846,UnalignedRecalculatingRobinHoodAoSHashTable<MultShift64BBitHasher; uint64_t; DummyTuple128; NoPref; THP; NoUnroll; NoAddPrf>,gcc,node-27,4096,2097152,0x7f884be00000,true,50,50,134217728,1,134217728,Uniform,512,8,128,137,67108864,7100,7100,7100,false,0,true
1681818072846,UnalignedRecalculatingRobinHoodAoSHashTable<MultShift64BBitHasher; uint64_t; DummyTuple128; NoPref; THP; NoUnroll; NoAddPrf>,gcc,node-27,4096,2097152,0x7f884be00000,true,50,50,134217728,1,134217728,Uniform,512,8,128,137,67108864,7127,7127,7127,false,0,true
1681818072846,UnalignedRecalculatingRobinHoodAoSHashTable<MultShift64BBitHasher; uint64_t; DummyTuple128; NoPref; THP; NoUnroll; NoAddPrf>,gcc,node-27,4096,2097152,0x7f884be00000,true,50,50,134217728,1,134217728,Uniform,512,8,128,137,67108864,7080,7080,7080,false,0,true
1681818072846,ChainedHashTable<MultShift64BBitHasher; uint64_t; DummyTuple128; THP; BudgetKV; AdditionalBudget10; DirectoryPot30; DirectorySize1073741824; BufferSize79784982; AdditionalElements12676118>,gcc,node-27,4096,2097152,0x7f87e6e00000,true,50,50,134217728,1,134217728,Uniform,512,8,128,0,67108864,3547,3547,3547,false,0,true
1681818072846,ChainedHashTable<MultShift64BBitHasher; uint64_t; DummyTuple128; THP; BudgetKV; AdditionalBudget10; DirectoryPot30; DirectorySize1073741824; BufferSize79784982; AdditionalElements12676118>,gcc,node-27,4096,2097152,0x7f87e6e00000,true,50,50,134217728,1,134217728,Uniform,512,8,128,0,67108864,3576,3576,3576,false,0,true
1681818072846,ChainedHashTable<MultShift64BBitHasher; uint64_t; DummyTuple128; THP; BudgetKV; AdditionalBudget10; DirectoryPot30; DirectorySize1073741824; BufferSize79784982; AdditionalElements12676118>,gcc,node-27,4096,2097152,0x7f87e6e00000,true,50,50,134217728,1,134217728,Uniform,512,8,128,0,67108864,3541,3541,3541,false,0,true
1681818072846,ChainedHashTable<MultShift64BBitHasher; uint64_t; DummyTuple128; THP; BudgetBucket8FP; AdditionalBudget10; DirectoryPot30; DirectorySize1073741824; BufferSize80810257; AdditionalElements13701393>,gcc,node-27,4096,2097152,0x7f87de200000,true,50,50,134217728,1,134217728,Uniform,512,8,128,0,67108864,3568,3568,3568,false,0,true
1681818072846,ChainedHashTable<MultShift64BBitHasher; uint64_t; DummyTuple128; THP; BudgetBucket8FP; AdditionalBudget10; DirectoryPot30; DirectorySize1073741824; BufferSize80810257; AdditionalElements13701393>,gcc,node-27,4096,2097152,0x7f87de200000,true,50,50,134217728,1,134217728,Uniform,512,8,128,0,67108864,3562,3562,3562,false,0,true
1681818072846,ChainedHashTable<MultShift64BBitHasher; uint64_t; DummyTuple128; THP; BudgetBucket8FP; AdditionalBudget10; DirectoryPot30; DirectorySize1073741824; BufferSize80810257; AdditionalElements13701393>,gcc,node-27,4096,2097152,0x7f87de200000,true,50,50,134217728,1,134217728,Uniform,512,8,128,0,67108864,3541,3541,3541,false,0,true
1681818072846,ChainedHashTable<MultShift64BBitHasher; uint64_t; DummyTuple128; THP; BudgetBucket16FP; AdditionalBudget10; DirectoryPot30; DirectorySize1073741824; BufferSize81835531; AdditionalElements14726667>,gcc,node-27,4096,2097152,0x7f87d5600000,true,50,50,134217728,1,134217728,Uniform,512,8,128,0,67108864,3576,3576,3576,false,0,true
1681818072846,ChainedHashTable<MultShift64BBitHasher; uint64_t; DummyTuple128; THP; BudgetBucket16FP; AdditionalBudget10; DirectoryPot30; DirectorySize1073741824; BufferSize81835531; AdditionalElements14726667>,gcc,node-27,4096,2097152,0x7f87d5600000,true,50,50,134217728,1,134217728,Uniform,512,8,128,0,67108864,3550,3550,3550,false,0,true
1681818072846,ChainedHashTable<MultShift64BBitHasher; uint64_t; DummyTuple128; THP; BudgetBucket16FP; AdditionalBudget10; DirectoryPot30; DirectorySize1073741824; BufferSize81835531; AdditionalElements14726667>,gcc,node-27,4096,2097152,0x7f87d5600000,true,50,50,134217728,1,134217728,Uniform,512,8,128,0,67108864,3568,3568,3568,false,0,true
1681818072846,LinearProbingPackedSoAHashTable<MultShift64BBitHasher; uint64_t; DummyTuple128; THP; NoUnroll>,gcc,node-27,4096,2097152,0x7f948de00000,true,50,50,134217728,1,134217728,Uniform,512,8,128,8,67108864,6221,6221,6221,false,0,true
1681818072846,LinearProbingPackedSoAHashTable<MultShift64BBitHasher; uint64_t; DummyTuple128; THP; NoUnroll>,gcc,node-27,4096,2097152,0x7f948de00000,true,50,50,134217728,1,134217728,Uniform,512,8,128,8,67108864,6193,6193,6193,false,0,true
1681818072846,LinearProbingPackedSoAHashTable<MultShift64BBitHasher; uint64_t; DummyTuple128; THP; NoUnroll>,gcc,node-27,4096,2097152,0x7f948de00000,true,50,50,134217728,1,134217728,Uniform,512,8,128,8,67108864,6228,6228,6228,false,0,true
1681818072846,FingerprintingSIMDSoAHashTable<MultShift64BBitHasher; uint64_t; DummyTuple128; uint8_t; NoPref; THP; NoUnroll; __m256i; TESTZ; NoAVX512; __m256i; NoSVE; SSE2NEON; NoSVEBroadcast; LikelyHints; LSBMSB>,gcc,node-27,4096,2097152,0x7f950be00000,true,50,0,134217728,1,134217728,Uniform,512,8,128,0,67108864,3434,3434,3434,false,0,true
1681818072846,FingerprintingSIMDSoAHashTable<MultShift64BBitHasher; uint64_t; DummyTuple128; uint8_t; NoPref; THP; NoUnroll; __m256i; TESTZ; NoAVX512; __m256i; NoSVE; SSE2NEON; NoSVEBroadcast; LikelyHints; LSBMSB>,gcc,node-27,4096,2097152,0x7f950be00000,true,50,0,134217728,1,134217728,Uniform,512,8,128,0,67108864,3395,3395,3395,false,0,true
1681818072846,FingerprintingSIMDSoAHashTable<MultShift64BBitHasher; uint64_t; DummyTuple128; uint8_t; NoPref; THP; NoUnroll; __m256i; TESTZ; NoAVX512; __m256i; NoSVE; SSE2NEON; NoSVEBroadcast; LikelyHints; LSBMSB>,gcc,node-27,4096,2097152,0x7f950be00000,true,50,0,134217728,1,134217728,Uniform,512,8,128,0,67108864,3434,3434,3434,false,0,true
1681818072846,BucketingSIMDHashTable<MultShift64BBitHasher; uint64_t; DummyTuple128; uint16_t; NoPref; THP; NoUnroll; __m256i; TESTZ; NoAVX512; __m256i; NoSVE; SSE2NEON; NoSVEBroadcast; LikelyHints; KeyValueAoSStoringBucket; 16FPPB; LSBMSB; NoFallback>,gcc,node-27,4096,2097152,0x7f8833e00000,true,50,0,134217728,1,134217728,Uniform,512,8,128,0,67108864,1454,1454,1454,false,0,true
1681818072846,BucketingSIMDHashTable<MultShift64BBitHasher; uint64_t; DummyTuple128; uint16_t; NoPref; THP; NoUnroll; __m256i; TESTZ; NoAVX512; __m256i; NoSVE; SSE2NEON; NoSVEBroadcast; LikelyHints; KeyValueAoSStoringBucket; 16FPPB; LSBMSB; NoFallback>,gcc,node-27,4096,2097152,0x7f8833e00000,true,50,0,134217728,1,134217728,Uniform,512,8,128,0,67108864,1452,1452,1452,false,0,true
1681818072846,BucketingSIMDHashTable<MultShift64BBitHasher; uint64_t; DummyTuple128; uint16_t; NoPref; THP; NoUnroll; __m256i; TESTZ; NoAVX512; __m256i; NoSVE; SSE2NEON; NoSVEBroadcast; LikelyHints; KeyValueAoSStoringBucket; 16FPPB; LSBMSB; NoFallback>,gcc,node-27,4096,2097152,0x7f8833e00000,true,50,0,134217728,1,134217728,Uniform,512,8,128,0,67108864,1450,1450,1450,false,0,true
1681818072846,BucketingSIMDHashTable<MultShift64BBitHasher; uint64_t; DummyTuple128; uint8_t; NoPref; THP; NoUnroll; __m256i; TESTZ; NoAVX512; __m256i; NoSVE; SSE2NEON; NoSVEBroadcast; LikelyHints; KeyValueAoSStoringBucket; 32FPPB; LSBMSB; NoFallback>,gcc,node-27,4096,2097152,0x7f8843e00000,true,50,0,134217728,1,134217728,Uniform,512,8,128,0,67108864,1788,1788,1788,false,0,true
1681818072846,BucketingSIMDHashTable<MultShift64BBitHasher; uint64_t; DummyTuple128; uint8_t; NoPref; THP; NoUnroll; __m256i; TESTZ; NoAVX512; __m256i; NoSVE; SSE2NEON; NoSVEBroadcast; LikelyHints; KeyValueAoSStoringBucket; 32FPPB; LSBMSB; NoFallback>,gcc,node-27,4096,2097152,0x7f8843e00000,true,50,0,134217728,1,134217728,Uniform,512,8,128,0,67108864,1757,1757,1757,false,0,true
1681818072846,BucketingSIMDHashTable<MultShift64BBitHasher; uint64_t; DummyTuple128; uint8_t; NoPref; THP; NoUnroll; __m256i; TESTZ; NoAVX512; __m256i; NoSVE; SSE2NEON; NoSVEBroadcast; LikelyHints; KeyValueAoSStoringBucket; 32FPPB; LSBMSB; NoFallback>,gcc,node-27,4096,2097152,0x7f8843e00000,true,50,0,134217728,1,134217728,Uniform,512,8,128,0,67108864,1790,1790,1790,false,0,true
1681818072846,UnalignedLinearProbingAoSHashTable<MultShift64BBitHasher; uint64_t; DummyTuple128; NoPref; THP; NoUnroll; NoAddPrf>,gcc,node-27,4096,2097152,0x7f884be00000,true,50,0,134217728,1,134217728,Uniform,512,8,128,137,67108864,5234,5234,5234,false,0,true
1681818072846,UnalignedLinearProbingAoSHashTable<MultShift64BBitHasher; uint64_t; DummyTuple128; NoPref; THP; NoUnroll; NoAddPrf>,gcc,node-27,4096,2097152,0x7f884be00000,true,50,0,134217728,1,134217728,Uniform,512,8,128,137,67108864,5249,5249,5249,false,0,true
1681818072846,UnalignedLinearProbingAoSHashTable<MultShift64BBitHasher; uint64_t; DummyTuple128; NoPref; THP; NoUnroll; NoAddPrf>,gcc,node-27,4096,2097152,0x7f884be00000,true,50,0,134217728,1,134217728,Uniform,512,8,128,137,67108864,5245,5245,5245,false,0,true
1681818072846,StoringRobinHoodAoSHashTable<MultShift64BBitHasher; uint64_t; DummyTuple128; NoPref; THP; NoUnroll; NoAddPrf>,gcc,node-27,4096,2097152,0x7f8813e00000,true,50,0,134217728,1,134217728,Uniform,512,8,128,144,67108864,4519,4519,4519,false,0,true
1681818072846,StoringRobinHoodAoSHashTable<MultShift64BBitHasher; uint64_t; DummyTuple128; NoPref; THP; NoUnroll; NoAddPrf>,gcc,node-27,4096,2097152,0x7f8813e00000,true,50,0,134217728,1,134217728,Uniform,512,8,128,144,67108864,4555,4555,4555,false,0,true
1681818072846,StoringRobinHoodAoSHashTable<MultShift64BBitHasher; uint64_t; DummyTuple128; NoPref; THP; NoUnroll; NoAddPrf>,gcc,node-27,4096,2097152,0x7f8813e00000,true,50,0,134217728,1,134217728,Uniform,512,8,128,144,67108864,4523,4523,4523,false,0,true
1681818072846,UnalignedRecalculatingRobinHoodAoSHashTable<MultShift64BBitHasher; uint64_t; DummyTuple128; NoPref; THP; NoUnroll; NoAddPrf>,gcc,node-27,4096,2097152,0x7f884be00000,true,50,0,134217728,1,134217728,Uniform,512,8,128,137,67108864,4920,4920,4920,false,0,true
1681818072846,UnalignedRecalculatingRobinHoodAoSHashTable<MultShift64BBitHasher; uint64_t; DummyTuple128; NoPref; THP; NoUnroll; NoAddPrf>,gcc,node-27,4096,2097152,0x7f884be00000,true,50,0,134217728,1,134217728,Uniform,512,8,128,137,67108864,4938,4938,4938,false,0,true
1681818072846,UnalignedRecalculatingRobinHoodAoSHashTable<MultShift64BBitHasher; uint64_t; DummyTuple128; NoPref; THP; NoUnroll; NoAddPrf>,gcc,node-27,4096,2097152,0x7f884be00000,true,50,0,134217728,1,134217728,Uniform,512,8,128,137,67108864,4944,4944,4944,false,0,true
1681818072846,ChainedHashTable<MultShift64BBitHasher; uint64_t; DummyTuple128; THP; BudgetKV; AdditionalBudget10; DirectoryPot30; DirectorySize1073741824; BufferSize79784982; AdditionalElements12676118>,gcc,node-27,4096,2097152,0x7f87e6e00000,true,50,0,134217728,1,134217728,Uniform,512,8,128,0,67108864,1195,1195,1195,false,0,true
1681818072846,ChainedHashTable<MultShift64BBitHasher; uint64_t; DummyTuple128; THP; BudgetKV; AdditionalBudget10; DirectoryPot30; DirectorySize1073741824; BufferSize79784982; AdditionalElements12676118>,gcc,node-27,4096,2097152,0x7f87e6e00000,true,50,0,134217728,1,134217728,Uniform,512,8,128,0,67108864,1207,1207,1207,false,0,true
1681818072846,ChainedHashTable<MultShift64BBitHasher; uint64_t; DummyTuple128; THP; BudgetKV; AdditionalBudget10; DirectoryPot30; DirectorySize1073741824; BufferSize79784982; AdditionalElements12676118>,gcc,node-27,4096,2097152,0x7f87e6e00000,true,50,0,134217728,1,134217728,Uniform,512,8,128,0,67108864,1217,1217,1217,false,0,true
1681818072846,ChainedHashTable<MultShift64BBitHasher; uint64_t; DummyTuple128; THP; BudgetBucket8FP; AdditionalBudget10; DirectoryPot30; DirectorySize1073741824; BufferSize80810257; AdditionalElements13701393>,gcc,node-27,4096,2097152,0x7f87de200000,true,50,0,134217728,1,134217728,Uniform,512,8,128,0,67108864,1214,1214,1214,false,0,true
1681818072846,ChainedHashTable<MultShift64BBitHasher; uint64_t; DummyTuple128; THP; BudgetBucket8FP; AdditionalBudget10; DirectoryPot30; DirectorySize1073741824; BufferSize80810257; AdditionalElements13701393>,gcc,node-27,4096,2097152,0x7f87de200000,true,50,0,134217728,1,134217728,Uniform,512,8,128,0,67108864,1191,1191,1191,false,0,true
1681818072846,ChainedHashTable<MultShift64BBitHasher; uint64_t; DummyTuple128; THP; BudgetBucket8FP; AdditionalBudget10; DirectoryPot30; DirectorySize1073741824; BufferSize80810257; AdditionalElements13701393>,gcc,node-27,4096,2097152,0x7f87de200000,true,50,0,134217728,1,134217728,Uniform,512,8,128,0,67108864,1188,1188,1188,false,0,true
1681818072846,ChainedHashTable<MultShift64BBitHasher; uint64_t; DummyTuple128; THP; BudgetBucket16FP; AdditionalBudget10; DirectoryPot30; DirectorySize1073741824; BufferSize81835531; AdditionalElements14726667>,gcc,node-27,4096,2097152,0x7f87d5600000,true,50,0,134217728,1,134217728,Uniform,512,8,128,0,67108864,1191,1191,1191,false,0,true
1681818072846,ChainedHashTable<MultShift64BBitHasher; uint64_t; DummyTuple128; THP; BudgetBucket16FP; AdditionalBudget10; DirectoryPot30; DirectorySize1073741824; BufferSize81835531; AdditionalElements14726667>,gcc,node-27,4096,2097152,0x7f87d5600000,true,50,0,134217728,1,134217728,Uniform,512,8,128,0,67108864,1195,1195,1195,false,0,true
1681818072846,ChainedHashTable<MultShift64BBitHasher; uint64_t; DummyTuple128; THP; BudgetBucket16FP; AdditionalBudget10; DirectoryPot30; DirectorySize1073741824; BufferSize81835531; AdditionalElements14726667>,gcc,node-27,4096,2097152,0x7f87d5600000,true,50,0,134217728,1,134217728,Uniform,512,8,128,0,67108864,1217,1217,1217,false,0,true
1681818072846,LinearProbingPackedSoAHashTable<MultShift64BBitHasher; uint64_t; DummyTuple128; THP; NoUnroll>,gcc,node-27,4096,2097152,0x7f948de00000,true,50,0,134217728,1,134217728,Uniform,512,8,128,8,67108864,4606,4606,4606,false,0,true
1681818072846,LinearProbingPackedSoAHashTable<MultShift64BBitHasher; uint64_t; DummyTuple128; THP; NoUnroll>,gcc,node-27,4096,2097152,0x7f948de00000,true,50,0,134217728,1,134217728,Uniform,512,8,128,8,67108864,4560,4560,4560,false,0,true
1681818072846,LinearProbingPackedSoAHashTable<MultShift64BBitHasher; uint64_t; DummyTuple128; THP; NoUnroll>,gcc,node-27,4096,2097152,0x7f948de00000,true,50,0,134217728,1,134217728,Uniform,512,8,128,8,67108864,4559,4559,4559,false,0,true
